r,cutoff,avg_time (seconds),median_time (seconds)
3,3,0.566326811,0.566361168
3,4,0.547284646,0.550054118
3,5,0.534269233,0.536214452
3,6,0.530980849,0.531298204
3,7,0.523034522,0.525199849
3,8,0.526213458,0.526542947
3,9,0.50993198,0.511786461
3,10,0.496608552,0.497686337
3,11,0.492604528,0.495103425
3,12,0.481872421,0.482200906
3,13,0.475494173,0.476900755
3,14,0.473173576,0.476294568
3,15,0.470136651,0.472463605
3,16,0.465580543,0.465807961
3,17,0.464985592,0.466490787
3,18,0.458208016,0.459127083
3,19,0.459997435,0.460627416
3,20,0.458272112,0.460276822
3,21,0.456146312,0.458327743
3,22,0.451578186,0.452059308
3,23,0.447882693,0.449776707
3,24,0.448720142,0.449153499
3,25,0.445536775,0.445797268
3,26,0.441520549,0.442125711
3,27,0.443523042,0.446419326
3,28,0.442669399,0.445001451
3,29,0.432077995,0.432115539
3,30,0.437141119,0.439875434
3,31,0.429718365,0.430714334
3,32,0.427757261,0.428428943
3,33,0.426388152,0.426853113
3,34,0.423240415,0.42386534
3,35,0.423614602,0.424251947
3,36,0.419965982,0.420566444
3,37,0.420626387,0.422068791
3,38,0.418554229,0.419447941
3,39,0.415886338,0.417642771
3,40,0.415266718,0.417082948
3,41,0.415728153,0.416032692
3,42,0.414842008,0.4165045
3,43,0.409617154,0.40987902
3,44,0.410528864,0.412638398
3,45,0.408260587,0.408653606
3,46,0.408596797,0.410365026
3,47,0.405240467,0.405349835
3,48,0.402940033,0.403030791
3,49,0.405006941,0.405134017
3,50,0.408506251,0.410947934
3,51,0.403029418,0.404040432
3,52,0.408025951,0.409232836
3,53,0.406095667,0.406227499
3,54,0.401724478,0.402183717
3,55,0.403749302,0.406334523
3,56,0.399851489,0.401180642
3,57,0.400198338,0.402752868
3,58,0.396910691,0.397004481
3,59,0.405224271,0.40849799
3,60,0.403843246,0.403916538
3,61,0.402124975,0.403226733
3,62,0.396249413,0.397819267
3,63,0.397427879,0.398907275
3,64,0.393703539,0.39476425
3,65,0.392979444,0.394158139
3,66,0.39472253,0.394959581
3,67,0.398725046,0.400516136
3,68,0.393971235,0.394986001
3,69,0.389408793,0.390653895
3,70,0.392474588,0.392710284
3,71,0.395796063,0.399763659
3,72,0.400558978,0.401524581
3,73,0.392288692,0.39251033
3,74,0.389154532,0.389393948
3,75,0.389832187,0.391404563
3,76,0.387868264,0.389359791
3,77,0.390564369,0.39225493
3,78,0.387389175,0.387892495
3,79,0.386700692,0.387028437
3,80,0.391756977,0.395275631
3,81,0.384781595,0.384983145
3,82,0.386364891,0.387693684
3,83,0.385947619,0.387411593
3,84,0.386520456,0.387622654
3,85,0.38381277,0.384113124
3,86,0.383870363,0.384114153
3,87,0.383356765,0.383733427
3,88,0.388481568,0.391156458
3,89,0.383305398,0.384168489
3,90,0.383100974,0.384197192
3,91,0.383020844,0.383265191
3,92,0.37995415,0.380698252
3,93,0.382294737,0.383149416
3,94,0.379324844,0.382115767
3,95,0.379307627,0.383027657
3,96,0.379467357,0.381754903
3,97,0.378020914,0.378252144
3,98,0.383398846,0.383403691
3,99,0.378094442,0.378644357
3,100,0.37833699,0.378787444
3,101,0.375532442,0.376206158
3,102,0.375341002,0.375813317
3,103,0.375619,0.375814137
3,104,0.380944311,0.38129716
3,105,0.376363261,0.376429552
3,106,0.377561006,0.379687677
3,107,0.374844398,0.374913472
3,108,0.379691057,0.38269969
3,109,0.375591094,0.377391783
3,110,0.373264531,0.37404549
3,111,0.379555182,0.379829975
3,112,0.372376447,0.373319753
3,113,0.372031011,0.373868907
3,114,0.375446869,0.377751081
3,115,0.37289917,0.374611151
3,116,0.376614153,0.377935777
3,117,0.371952053,0.3720807
3,118,0.378400771,0.379538809
3,119,0.374569967,0.376962342
3,120,0.369701285,0.370082268
3,121,0.371906233,0.372327336
3,122,0.371539181,0.373276263
3,123,0.368491606,0.368870003
3,124,0.372591658,0.372838984
3,125,0.368692753,0.370791135
3,126,0.370329982,0.370479548
3,127,0.371945306,0.371967034
3,128,0.37465572,0.376582134
3,129,0.370481678,0.371043009
3,130,0.371843342,0.372408673
3,131,0.368510204,0.368758215
3,132,0.369171022,0.370385889
3,133,0.368426131,0.368497196
3,134,0.370712054,0.372381609
3,135,0.372642109,0.375035829
3,136,0.371730405,0.375942215
3,137,0.366341629,0.366730642
3,138,0.370208124,0.371423985
3,139,0.365951199,0.366285356
3,140,0.369534664,0.370004827
3,141,0.36948774,0.370148601
3,142,0.368631417,0.369027676
3,143,0.368699949,0.369203249
3,144,0.367811682,0.368757892
3,145,0.371795392,0.371918302
3,146,0.371477746,0.371606218
3,147,0.368696063,0.369155592
3,148,0.369539218,0.372984652
3,149,0.369286555,0.369398662
3,150,0.368916985,0.369218247
3,151,0.369467375,0.372861431
3,152,0.366781653,0.367157917
3,153,0.368494847,0.368846701
3,154,0.369522185,0.372859947
3,155,0.366120269,0.366720164
3,156,0.369642219,0.371640557
3,157,0.366534744,0.367443563
3,158,0.366510328,0.368840663
3,159,0.366989284,0.367333607
3,160,0.367057251,0.367590886
3,161,0.367823905,0.368093094
3,162,0.365593834,0.366657138
3,163,0.366256185,0.367183537
3,164,0.368920597,0.369444345
3,165,0.368290882,0.369879689
3,166,0.366226256,0.367547588
3,167,0.367485687,0.36847408
3,168,0.375011718,0.375694759
3,169,0.37249544,0.375929544
3,170,0.368211268,0.368627207
3,171,0.369777923,0.37120136
3,172,0.367209208,0.36803009
3,173,0.368488243,0.370556683
3,174,0.368670186,0.369982275
3,175,0.369801467,0.369810124
3,176,0.36962936,0.371279136
3,177,0.367636015,0.367898443
3,178,0.371026156,0.371351134
3,179,0.36644921,0.367465541
3,180,0.365483397,0.368078761
3,181,0.374716886,0.37613405
3,182,0.371243429,0.374185258
3,183,0.378041817,0.382020793
3,184,0.376507882,0.37774655
3,185,0.368799457,0.370222429
3,186,0.371848777,0.372505919
3,187,0.381740115,0.386645692
3,188,0.371316387,0.37184362
3,189,0.373088019,0.373378608
3,190,0.373342862,0.375160511
3,191,0.368971222,0.371105253
3,192,0.367549514,0.367578524
3,193,0.367635263,0.367678552
3,194,0.367887315,0.368621253
3,195,0.369432437,0.369931481
3,196,0.370464022,0.370561901
3,197,0.369452146,0.371979271
3,198,0.368533078,0.368895338
3,199,0.371618532,0.372398485
3,200,0.36853653,0.370532354
5,3,0.485188649,0.485880191
5,4,0.476327463,0.476446457
5,5,0.46447782,0.466515241
5,6,0.453040529,0.454669373
5,7,0.442621662,0.442647929
5,8,0.435345236,0.437161147
5,9,0.434898597,0.43595442
5,10,0.428971519,0.429479509
5,11,0.427931591,0.430769316
5,12,0.419405661,0.423894188
5,13,0.41248563,0.414027384
5,14,0.411241697,0.412152942
5,15,0.407720643,0.408775701
5,16,0.405067192,0.405548818
5,17,0.404445693,0.404984205
5,18,0.404714997,0.405172813
5,19,0.398170097,0.399011374
5,20,0.395632683,0.395821912
5,21,0.402671207,0.405445693
5,22,0.393541101,0.396815811
5,23,0.388918964,0.389478639
5,24,0.386770776,0.387956612
5,25,0.383369407,0.383486792
5,26,0.382205267,0.382580319
5,27,0.378783833,0.379257892
5,28,0.374270189,0.374326535
5,29,0.373688126,0.374798334
5,30,0.369106732,0.369584449
5,31,0.369220837,0.370211139
5,32,0.367920937,0.368238538
5,33,0.365356864,0.366335181
5,34,0.365789994,0.368390239
5,35,0.364040211,0.366947496
5,36,0.362050791,0.362112034
5,37,0.365483944,0.366189185
5,38,0.359790531,0.360791766
5,39,0.361580159,0.361851076
5,40,0.362188667,0.363416263
5,41,0.35852364,0.359054437
5,42,0.362836766,0.36398922
5,43,0.354845145,0.355327989
5,44,0.355379632,0.355431814
5,45,0.35723476,0.359002115
5,46,0.353996383,0.354476022
5,47,0.352769634,0.35329443
5,48,0.357994957,0.358200815
5,49,0.350793148,0.351355218
5,50,0.351272011,0.352366835
5,51,0.357944943,0.359119971
5,52,0.350158643,0.352068073
5,53,0.347225729,0.347973102
5,54,0.350632889,0.354258123
5,55,0.346601829,0.346698885
5,56,0.347033606,0.348258443
5,57,0.34434522,0.345218104
5,58,0.344828557,0.347125154
5,59,0.343271331,0.344393013
5,60,0.348740103,0.349849711
5,61,0.341512613,0.342020334
5,62,0.345426376,0.347581555
5,63,0.344234467,0.34447913
5,64,0.343763683,0.344601725
5,65,0.342100646,0.343070597
5,66,0.339018945,0.339661826
5,67,0.340086062,0.341742512
5,68,0.341237198,0.342849939
5,69,0.338810961,0.339513538
5,70,0.340747457,0.341745244
5,71,0.345270684,0.347971856
5,72,0.337117099,0.338139656
5,73,0.336698864,0.336756568
5,74,0.341248386,0.343845425
5,75,0.337562128,0.338310717
5,76,0.33589032,0.335948109
5,77,0.338890986,0.34158834
5,78,0.341870504,0.343815848
5,79,0.340148817,0.341584654
5,80,0.337613874,0.338124959
5,81,0.334540459,0.335130757
5,82,0.342836419,0.346480661
5,83,0.341874828,0.342386445
5,84,0.332945741,0.334735503
5,85,0.335697571,0.336206296
5,86,0.33562387,0.335629339
5,87,0.334404203,0.335361136
5,88,0.335232495,0.336549237
5,89,0.336286414,0.336296881
5,90,0.333602113,0.333891496
5,91,0.336293817,0.338355883
5,92,0.33314791,0.333933271
5,93,0.332174054,0.332292773
5,94,0.33414759,0.336338512
5,95,0.333860518,0.336039867
5,96,0.331839926,0.33231424
5,97,0.331841592,0.33208959
5,98,0.331569624,0.332747051
5,99,0.331707852,0.332935849
5,100,0.330902497,0.331759558
5,101,0.332272687,0.33371058
5,102,0.33166954,0.33332556
5,103,0.331867557,0.332118569
5,104,0.33042589,0.331508024
5,105,0.333588427,0.336846648
5,106,0.330282121,0.331365865
5,107,0.331424265,0.333049173
5,108,0.329904711,0.33118409
5,109,0.331654857,0.332569637
5,110,0.331312692,0.331437614
5,111,0.331443006,0.332238766
5,112,0.332442718,0.333788649
5,113,0.335547269,0.33863537
5,114,0.328267498,0.328468319
5,115,0.330312083,0.333079159
5,116,0.333407249,0.335739382
5,117,0.32727782,0.327622769
5,118,0.327113836,0.327812384
5,119,0.330844356,0.332269351
5,120,0.329458009,0.331311713
5,121,0.328606582,0.330579261
5,122,0.33142971,0.332682664
5,123,0.330217006,0.33064637
5,124,0.32944583,0.330822223
5,125,0.328767247,0.330449618
5,126,0.326629926,0.32665392
5,127,0.330574077,0.332660409
5,128,0.329337667,0.329357779
5,129,0.327655385,0.328055761
5,130,0.326645654,0.32798034
5,131,0.331510517,0.333950713
5,132,0.325453677,0.326825976
5,133,0.327818505,0.328831462
5,134,0.328240406,0.329304776
5,135,0.326046334,0.326977455
5,136,0.328066536,0.329322641
5,137,0.327520796,0.329636231
5,138,0.331323453,0.331973903
5,139,0.324752216,0.325556588
5,140,0.327776815,0.328273102
5,141,0.324952387,0.325300578
5,142,0.325499235,0.32657003
5,143,0.329738565,0.330034417
5,144,0.323993376,0.324738587
5,145,0.325366452,0.325598474
5,146,0.330227326,0.332219251
5,147,0.322223795,0.323089251
5,148,0.328665076,0.329702942
5,149,0.328350137,0.331717047
5,150,0.328491995,0.329579502
5,151,0.327658552,0.328573373
5,152,0.327322426,0.328103133
5,153,0.324638488,0.325886503
5,154,0.325067105,0.325820091
5,155,0.324776654,0.326923874
5,156,0.326422277,0.328296675
5,157,0.324892813,0.326316413
5,158,0.323631154,0.325895451
5,159,0.324273731,0.324333946
5,160,0.324781663,0.326960113
5,161,0.327818989,0.330427279
5,162,0.328032687,0.3303966
5,163,0.323273461,0.32409163
5,164,0.327459711,0.328992538
5,165,0.322044612,0.324532427
5,166,0.322618942,0.323709853
5,167,0.328788439,0.332805357
5,168,0.324043816,0.325258779
5,169,0.325236324,0.326398998
5,170,0.325314731,0.326082964
5,171,0.323369131,0.324735942
5,172,0.32512911,0.325451647
5,173,0.326084213,0.327254391
5,174,0.324807822,0.326201629
5,175,0.325327266,0.327346278
5,176,0.324740466,0.325161066
5,177,0.329881863,0.330241564
5,178,0.327003152,0.328749461
5,179,0.323396576,0.32463
5,180,0.322978679,0.324316265
5,181,0.326115071,0.327398008
5,182,0.325258998,0.325561212
5,183,0.323911005,0.324617843
5,184,0.324699262,0.325183661
5,185,0.322695445,0.323729085
5,186,0.326594239,0.32775307
5,187,0.325907551,0.325983323
5,188,0.327939454,0.33037725
5,189,0.327184571,0.327998784
5,190,0.323028315,0.324553526
5,191,0.325311087,0.32601407
5,192,0.326225445,0.328617783
5,193,0.325809404,0.326047375
5,194,0.324418938,0.324535812
5,195,0.325606574,0.326854674
5,196,0.325486558,0.326341282
5,197,0.324190296,0.324685499
5,198,0.32845248,0.330545192
5,199,0.326332004,0.328962848
5,200,0.324611716,0.325328393
7,3,0.468080528,0.468623471
7,4,0.463842345,0.464184255
7,5,0.459325468,0.461842448
7,6,0.455503277,0.45622526
7,7,0.443493297,0.447066093
7,8,0.433440058,0.436619986
7,9,0.43100916,0.432345175
7,10,0.421919487,0.423144384
7,11,0.416257162,0.417876059
7,12,0.41622122,0.416597699
7,13,0.414771873,0.415139588
7,14,0.406479456,0.407093529
7,15,0.430201243,0.44492786
7,16,0.399433818,0.401815903
7,17,0.397641611,0.399587849
7,18,0.400014831,0.401124385
7,19,0.403059027,0.407242594
7,20,0.390835615,0.393074772
7,21,0.387575302,0.387827804
7,22,0.389150588,0.389859727
7,23,0.384878462,0.385174464
7,24,0.38056619,0.381225337
7,25,0.3779844,0.379809968
7,26,0.380540201,0.381144764
7,27,0.378679867,0.381313665
7,28,0.370260968,0.371909048
7,29,0.371596975,0.371981782
7,30,0.372968105,0.374834681
7,31,0.368128749,0.36880236
7,32,0.36754514,0.3684704
7,33,0.367980979,0.368727518
7,34,0.369501363,0.369605784
7,35,0.366559907,0.368735388
7,36,0.368591302,0.370464655
7,37,0.363892886,0.364484426
7,38,0.363659463,0.364012184
7,39,0.361926711,0.363118125
7,40,0.361479401,0.363424978
7,41,0.360892895,0.363188969
7,42,0.359159195,0.359625465
7,43,0.359614563,0.360457404
7,44,0.362584492,0.363636721
7,45,0.356936623,0.35705549
7,46,0.359042116,0.359106502
7,47,0.354292805,0.354580671
7,48,0.353477919,0.354529753
7,49,0.356270518,0.357292698
7,50,0.3514712,0.351805541
7,51,0.350889416,0.351967022
7,52,0.353212452,0.354060144
7,53,0.350665068,0.350742351
7,54,0.347885534,0.348903258
7,55,0.351878977,0.352356385
7,56,0.348329065,0.349620395
7,57,0.345756821,0.346404469
7,58,0.347225486,0.347612442
7,59,0.347461527,0.348027108
7,60,0.344421451,0.346273105
7,61,0.340874256,0.341228718
7,62,0.34202846,0.342873566
7,63,0.341505479,0.343103314
7,64,0.340165984,0.344576894
7,65,0.336006211,0.337473225
7,66,0.34273156,0.343623952
7,67,0.338350236,0.339121873
7,68,0.339547527,0.341474277
7,69,0.340517455,0.340994048
7,70,0.335612112,0.335723824
7,71,0.335585315,0.337460415
7,72,0.341387795,0.34169946
7,73,0.333066458,0.333533203
7,74,0.338454756,0.340420536
7,75,0.33643765,0.336690777
7,76,0.333592961,0.333717824
7,77,0.335404357,0.335826453
7,78,0.337030374,0.338648704
7,79,0.332045152,0.332328357
7,80,0.332762158,0.332854319
7,81,0.339082485,0.341584623
7,82,0.333355884,0.334478837
7,83,0.33544767,0.335535969
7,84,0.336272912,0.337015287
7,85,0.333098267,0.333833473
7,86,0.333816051,0.334348752
7,87,0.333602572,0.333843892
7,88,0.331865114,0.332693247
7,89,0.333856658,0.33472381
7,90,0.333901612,0.336268166
7,91,0.332888253,0.333278761
7,92,0.333532659,0.33363713
7,93,0.331247656,0.333442382
7,94,0.331090201,0.331264637
7,95,0.331394583,0.331875547
7,96,0.330971876,0.331584932
7,97,0.333732716,0.335917312
7,98,0.333396546,0.335621474
7,99,0.33299299,0.334682234
7,100,0.330516858,0.331920355
7,101,0.330938423,0.331811976
7,102,0.332125336,0.334625849
7,103,0.328447765,0.329516206
7,104,0.329991988,0.330509511
7,105,0.332799256,0.334036271
7,106,0.330856541,0.330881583
7,107,0.333337521,0.333672325
7,108,0.333442292,0.335166826
7,109,0.33084962,0.331429465
7,110,0.330845305,0.330975481
7,111,0.332171816,0.332801595
7,112,0.328380029,0.329141148
7,113,0.329590809,0.330321258
7,114,0.327127811,0.327471508
7,115,0.327555782,0.327839307
7,116,0.329402628,0.330879463
7,117,0.327863889,0.329389225
7,118,0.327068034,0.327106219
7,119,0.3326853,0.333066827
7,120,0.326699738,0.327617174
7,121,0.326513994,0.326805354
7,122,0.329721017,0.329846098
7,123,0.32882753,0.32975542
7,124,0.327638012,0.32765931
7,125,0.328636294,0.328706572
7,126,0.327107693,0.327190327
7,127,0.326112728,0.326234498
7,128,0.327609725,0.328297087
7,129,0.326666434,0.32767118
7,130,0.327969904,0.32836868
7,131,0.327171185,0.329547997
7,132,0.325927565,0.325929388
7,133,0.324866458,0.32503421
7,134,0.325716407,0.327452066
7,135,0.325917852,0.327627713
7,136,0.325773344,0.327520301
7,137,0.325812822,0.326873405
7,138,0.323898146,0.324989206
7,139,0.325266631,0.325964192
7,140,0.325809246,0.326408852
7,141,0.324386221,0.324657613
7,142,0.326210481,0.330543084
7,143,0.326733412,0.326879975
7,144,0.32495585,0.325124084
7,145,0.325998005,0.327363394
7,146,0.324843349,0.325094517
7,147,0.325465508,0.327629354
7,148,0.326656833,0.331115779
7,149,0.325603577,0.325751662
7,150,0.323957969,0.325555055
7,151,0.327125017,0.327685051
7,152,0.324243097,0.324367451
7,153,0.323135866,0.32403164
7,154,0.329238496,0.331468856
7,155,0.326928697,0.327046488
7,156,0.324240216,0.324960745
7,157,0.327055286,0.328081081
7,158,0.32462083,0.325653634
7,159,0.3254936,0.327319346
7,160,0.331879336,0.332384336
7,161,0.323422272,0.324213117
7,162,0.324961209,0.326424013
7,163,0.324428269,0.324946463
7,164,0.324327896,0.32579632
7,165,0.325511789,0.325974491
7,166,0.327804299,0.328899014
7,167,0.325715308,0.326016879
7,168,0.33091818,0.332368177
7,169,0.33198614,0.332054441
7,170,0.324662501,0.325599415
7,171,0.327753091,0.328983797
7,172,0.326650015,0.326746257
7,173,0.328718364,0.329499147
7,174,0.325705158,0.326185936
7,175,0.326015704,0.328282905
7,176,0.327326153,0.32889215
7,177,0.324823646,0.325828116
7,178,0.326457419,0.326516685
7,179,0.325480277,0.328562866
7,180,0.325879702,0.32617315
7,181,0.33282231,0.333539473
7,182,0.328074751,0.329960004
7,183,0.324482063,0.324773523
7,184,0.324889065,0.325719185
7,185,0.327157057,0.327478287
7,186,0.329688825,0.330445403
7,187,0.325605072,0.326254168
7,188,0.328924582,0.330333073
7,189,0.331405066,0.332500382
7,190,0.327649075,0.328375603
7,191,0.328171499,0.328598024
7,192,0.325685083,0.327583688
7,193,0.325145123,0.325441036
7,194,0.33042216,0.331743167
7,195,0.325374142,0.325780588
7,196,0.325379667,0.326207342
7,197,0.326948179,0.330186549
7,198,0.327152246,0.32720703
7,199,0.329478621,0.329988431
7,200,0.327449916,0.330944443
11,3,0.473648528,0.474414691
11,4,0.465476077,0.467043251
11,5,0.456537522,0.45805291
11,6,0.455080877,0.455627286
11,7,0.451746372,0.451946649
11,8,0.444683758,0.444825787
11,9,0.451944309,0.454930704
11,10,0.441818472,0.441825295
11,11,0.4383362,0.439668554
11,12,0.429889257,0.430782067
11,13,0.425299131,0.426174015
11,14,0.419427249,0.420733158
11,15,0.412734924,0.414018496
11,16,0.416534852,0.418483037
11,17,0.410136991,0.410559914
11,18,0.415786869,0.415870312
11,19,0.403617867,0.40365701
11,20,0.406942586,0.407745977
11,21,0.404683883,0.40671724
11,22,0.40202317,0.402220321
11,23,0.399228895,0.400666404
11,24,0.395139441,0.395149021
11,25,0.397207918,0.398348832
11,26,0.387966578,0.388910786
11,27,0.386837401,0.387511061
11,28,0.392907059,0.393974896
11,29,0.383916975,0.384220629
11,30,0.382620211,0.383037117
11,31,0.385628178,0.386570117
11,32,0.382165074,0.383880553
11,33,0.380952544,0.382893017
11,34,0.376896997,0.379121872
11,35,0.377743495,0.37813999
11,36,0.379882472,0.380951094
11,37,0.376358732,0.377062395
11,38,0.377422676,0.377665705
11,39,0.374507785,0.374583442
11,40,0.37031808,0.372841504
11,41,0.373731749,0.37477396
11,42,0.37281374,0.373478493
11,43,0.372646305,0.373387711
11,44,0.373365879,0.376251366
11,45,0.373392439,0.374841181
11,46,0.369354579,0.369491166
11,47,0.37079085,0.371179035
11,48,0.366692183,0.367687281
11,49,0.37185387,0.373862383
11,50,0.367896096,0.367980309
11,51,0.367377168,0.369446701
11,52,0.369535649,0.369952143
11,53,0.364887315,0.365496675
11,54,0.36398232,0.365086301
11,55,0.364221104,0.364704868
11,56,0.361281511,0.361735135
11,57,0.360544681,0.363146116
11,58,0.358714733,0.360923804
11,59,0.360362152,0.360727589
11,60,0.360165757,0.361216809
11,61,0.35633775,0.358013034
11,62,0.3579922,0.35827741
11,63,0.358135532,0.358896477
11,64,0.356538864,0.356804459
11,65,0.357277626,0.358068033
11,66,0.355903639,0.357173414
11,67,0.352626263,0.353026489
11,68,0.353951953,0.354251756
11,69,0.352642923,0.35268253
11,70,0.354610002,0.355291865
11,71,0.352253383,0.353702429
11,72,0.355149068,0.355220451
11,73,0.354660434,0.354886774
11,74,0.356420812,0.360741841
11,75,0.353052102,0.353735501
11,76,0.354229878,0.356462097
11,77,0.351305673,0.351589995
11,78,0.351839507,0.352243792
11,79,0.351613745,0.353457089
11,80,0.354779535,0.357056557
11,81,0.352452537,0.352886104
11,82,0.349400008,0.349491966
11,83,0.354303759,0.356113681
11,84,0.352533089,0.354083911
11,85,0.352142875,0.35250972
11,86,0.352192797,0.354025139
11,87,0.350984633,0.351010429
11,88,0.350661089,0.351001984
11,89,0.350657189,0.352448738
11,90,0.34997014,0.351058824
11,91,0.352694354,0.355615112
11,92,0.351788009,0.352787175
11,93,0.348084062,0.348448875
11,94,0.352788664,0.353654604
11,95,0.35154847,0.35163429
11,96,0.351954306,0.352177038
11,97,0.349654119,0.349658847
11,98,0.349864351,0.352286811
11,99,0.350040014,0.352166991
11,100,0.351001933,0.351112468
11,101,0.349424584,0.349678173
11,102,0.349964715,0.35058585
11,103,0.354190123,0.356422007
11,104,0.347689336,0.348943999
11,105,0.347610828,0.348021502
11,106,0.347338628,0.347458885
11,107,0.348739086,0.351145984
11,108,0.351121228,0.352072864
11,109,0.347037089,0.347855329
11,110,0.346208666,0.347644175
11,111,0.345277209,0.345627751
11,112,0.348064513,0.348076693
11,113,0.347116473,0.347429016
11,114,0.347304821,0.347806378
11,115,0.343937001,0.344938262
11,116,0.347456914,0.348155866
11,117,0.347350838,0.348192264
11,118,0.345003695,0.346821382
11,119,0.344891438,0.345632704
11,120,0.347399805,0.347861065
11,121,0.34431776,0.346169582
11,122,0.345795703,0.346139327
11,123,0.346681901,0.348235724
11,124,0.344250729,0.345927125
11,125,0.344321447,0.344618801
11,126,0.344609541,0.34568846
11,127,0.341723839,0.341781151
11,128,0.342513732,0.342969825
11,129,0.347210799,0.350057737
11,130,0.341535079,0.341706489
11,131,0.341638934,0.342355238
11,132,0.343241093,0.344164829
11,133,0.34117283,0.34179035
11,134,0.339632524,0.340362127
11,135,0.341710546,0.344515689
11,136,0.339187023,0.340080993
11,137,0.340453219,0.342449704
11,138,0.340628384,0.341107607
11,139,0.338521022,0.339422582
11,140,0.339671967,0.340622883
11,141,0.344847481,0.345240526
11,142,0.341468543,0.342527871
11,143,0.340818093,0.341438277
11,144,0.342052699,0.343622228
11,145,0.338794573,0.339783947
11,146,0.342119168,0.34273192
11,147,0.342344867,0.342734957
11,148,0.341155627,0.34167686
11,149,0.341828896,0.342580584
11,150,0.340471275,0.340570328
11,151,0.34062672,0.342440676
11,152,0.339639583,0.340425318
11,153,0.337918506,0.339219157
11,154,0.341144424,0.341475151
11,155,0.34059416,0.341195311
11,156,0.340015687,0.341745916
11,157,0.337932582,0.338381189
11,158,0.341218601,0.34211272
11,159,0.340910509,0.340989701
11,160,0.338151909,0.338400659
11,161,0.339058028,0.341074839
11,162,0.342213628,0.346454323
11,163,0.339842597,0.340858478
11,164,0.342967161,0.344566097
11,165,0.33944017,0.339620724
11,166,0.340719286,0.341866035
11,167,0.341486535,0.342647279
11,168,0.337286934,0.337384532
11,169,0.337118241,0.338307171
11,170,0.34259505,0.342836504
11,171,0.33807973,0.339149447
11,172,0.341425736,0.341780671
11,173,0.342941105,0.342994703
11,174,0.337888529,0.339704818
11,175,0.339121764,0.339460673
11,176,0.34461899,0.347722558
11,177,0.340620087,0.341027066
11,178,0.340852512,0.341187166
11,179,0.34620063,0.351900767
11,180,0.341513538,0.34376366
11,181,0.339607417,0.340557011
11,182,0.342791458,0.342847642
11,183,0.341462908,0.343185474
11,184,0.341482655,0.342165278
11,185,0.342701146,0.344339989
11,186,0.341957199,0.342604119
11,187,0.345403584,0.346670306
11,188,0.341378567,0.34294534
11,189,0.346048258,0.346071292
11,190,0.347197001,0.349067564
11,191,0.339663212,0.342976499
11,192,0.340379103,0.341030659
11,193,0.345159895,0.346893561
11,194,0.34062255,0.341104752
11,195,0.341421582,0.342208353
11,196,0.344426204,0.345987029
11,197,0.341024428,0.343071562
11,198,0.340270391,0.340561992
11,199,0.340598224,0.343380649
11,200,0.338130401,0.338342217
13,3,0.476169121,0.476534399
13,4,0.470074313,0.470628004
13,5,0.468421523,0.468561971
13,6,0.456203906,0.459901354
13,7,0.452560961,0.453845095
13,8,0.451535663,0.451634196
13,9,0.444084324,0.444104962
13,10,0.447533576,0.450115101
13,11,0.441842366,0.442025249
13,12,0.438844105,0.441784747
13,13,0.437814266,0.438367426
13,14,0.430020122,0.431081024
13,15,0.426642762,0.427815384
13,16,0.421412677,0.421498639
13,17,0.416732505,0.417421869
13,18,0.411254835,0.411388968
13,19,0.409358281,0.411944969
13,20,0.409756748,0.410068911
13,21,0.404839965,0.407420946
13,22,0.403709509,0.403857584
13,23,0.405464294,0.406192458
13,24,0.400484617,0.400814218
13,25,0.401731834,0.401928532
13,26,0.400696598,0.400995392
13,27,0.399964389,0.401813578
13,28,0.396232504,0.396292534
13,29,0.393084365,0.393415007
13,30,0.396263138,0.397729597
13,31,0.394070223,0.394248163
13,32,0.391298186,0.394810937
13,33,0.384180508,0.38526939
13,34,0.385614217,0.386312292
13,35,0.384754335,0.386524424
13,36,0.381630332,0.381935703
13,37,0.382293492,0.382468442
13,38,0.378117152,0.378629125
13,39,0.378874253,0.37934613
13,40,0.382849006,0.384001943
13,41,0.376897177,0.377970816
13,42,0.37634966,0.377623342
13,43,0.378982191,0.378989044
13,44,0.376649891,0.377893395
13,45,0.378529167,0.383849456
13,46,0.376859906,0.377038293
13,47,0.37299887,0.374437457
13,48,0.375063983,0.377829441
13,49,0.376053855,0.377346762
13,50,0.373079688,0.373955464
13,51,0.377406946,0.378792477
13,52,0.372113034,0.37295269
13,53,0.374388384,0.375645352
13,54,0.37244075,0.372746959
13,55,0.368351188,0.368947766
13,56,0.372846851,0.373362482
13,57,0.36724906,0.368049644
13,58,0.368815421,0.369006018
13,59,0.369398234,0.371183839
13,60,0.367304997,0.368028636
13,61,0.366114045,0.368038529
13,62,0.367783209,0.36918441
13,63,0.364406764,0.364464547
13,64,0.363866582,0.364619696
13,65,0.363039361,0.363178209
13,66,0.361341952,0.361731516
13,67,0.364082055,0.364456766
13,68,0.357717339,0.358808888
13,69,0.360743739,0.360940584
13,70,0.363722009,0.364177784
13,71,0.35793925,0.358198712
13,72,0.358479706,0.358504846
13,73,0.359622564,0.361511886
13,74,0.35981144,0.360015568
13,75,0.35923511,0.360411635
13,76,0.35435533,0.355878318
13,77,0.35503121,0.355154175
13,78,0.358685148,0.362355244
13,79,0.35608614,0.356972099
13,80,0.354176278,0.354217059
13,81,0.360526273,0.363275045
13,82,0.355196408,0.355420136
13,83,0.356783505,0.356886372
13,84,0.356776102,0.357959101
13,85,0.356314977,0.356694231
13,86,0.354172076,0.356260019
13,87,0.357002277,0.358686667
13,88,0.353608883,0.353926819
13,89,0.356483534,0.357254519
13,90,0.356178892,0.356511129
13,91,0.357081519,0.358244374
13,92,0.357933708,0.359893465
13,93,0.355326305,0.35542984
13,94,0.354932298,0.355450899
13,95,0.358454843,0.358984861
13,96,0.353406926,0.354007646
13,97,0.3527953,0.353111964
13,98,0.357737192,0.358063421
13,99,0.351414763,0.352590013
13,100,0.353206789,0.35390124
13,101,0.356427762,0.358516804
13,102,0.35434149,0.356327839
13,103,0.352085402,0.352389205
13,104,0.352230006,0.353100986
13,105,0.354714898,0.355707813
13,106,0.353314134,0.356106495
13,107,0.351167492,0.351589122
13,108,0.353565921,0.35396326
13,109,0.356812237,0.357540494
13,110,0.350381096,0.350625606
13,111,0.352160325,0.352471755
13,112,0.35467858,0.355339129
13,113,0.35031413,0.350595593
13,114,0.353335576,0.356111105
13,115,0.353531156,0.355163744
13,116,0.351719884,0.351856858
13,117,0.350197438,0.351154135
13,118,0.350065378,0.351621601
13,119,0.350931221,0.352835126
13,120,0.35232518,0.356249941
13,121,0.350573033,0.351198352
13,122,0.352486717,0.354626027
13,123,0.351082659,0.351521388
13,124,0.351663662,0.355241756
13,125,0.350440029,0.350864334
13,126,0.353391183,0.354438063
13,127,0.34849988,0.349647138
13,128,0.350735276,0.351633405
13,129,0.35282235,0.353838472
13,130,0.346668931,0.346687919
13,131,0.346336395,0.346467073
13,132,0.349137492,0.350812915
13,133,0.346749161,0.348492263
13,134,0.350332459,0.352287052
13,135,0.349685322,0.350472939
13,136,0.347106121,0.34847329
13,137,0.349616131,0.35000693
13,138,0.348887365,0.349053339
13,139,0.349549378,0.350050567
13,140,0.34771437,0.348101692
13,141,0.34867911,0.349481263
13,142,0.349334232,0.351348238
13,143,0.349743869,0.35241561
13,144,0.347796086,0.348254669
13,145,0.348765766,0.348981022
13,146,0.349794035,0.3504349
13,147,0.347852517,0.348014008
13,148,0.347715546,0.348084923
13,149,0.349926305,0.350605967
13,150,0.347297231,0.347366859
13,151,0.347075164,0.34908074
13,152,0.351145118,0.351426298
13,153,0.35020175,0.350264377
13,154,0.347457757,0.34809973
13,155,0.349226254,0.351401479
13,156,0.349648339,0.3497932
13,157,0.350066597,0.351668623
13,158,0.348401921,0.349120192
13,159,0.349387517,0.349398623
13,160,0.345760063,0.347052494
13,161,0.344866917,0.345176415
13,162,0.3518227,0.351866752
13,163,0.348287019,0.349378226
13,164,0.347435842,0.347779171
13,165,0.348726153,0.351215649
13,166,0.350723723,0.351008572
13,167,0.347468738,0.347732036
13,168,0.347876489,0.350398721
13,169,0.347416722,0.349085965
13,170,0.349531499,0.350082086
13,171,0.348512649,0.351982431
13,172,0.349033496,0.349114294
13,173,0.348256724,0.349412153
13,174,0.35085565,0.3518793
13,175,0.349042249,0.349522971
13,176,0.349942389,0.350521204
13,177,0.346008264,0.346577775
13,178,0.348863192,0.349489051
13,179,0.34866885,0.349841797
13,180,0.347699148,0.34845639
13,181,0.349806596,0.351688855
13,182,0.347155365,0.347233946
13,183,0.347510532,0.347596968
13,184,0.350761583,0.353094081
13,185,0.348381864,0.349335367
13,186,0.346011421,0.347053359
13,187,0.34811011,0.348305574
13,188,0.349224488,0.350825421
13,189,0.347770206,0.350466765
13,190,0.346907846,0.347043208
13,191,0.346502313,0.346584632
13,192,0.345885641,0.348494311
13,193,0.347150745,0.347682751
13,194,0.347408246,0.347541493
13,195,0.350104281,0.350567013
13,196,0.356106368,0.356271622
13,197,0.348153256,0.349603325
13,198,0.350024314,0.351831855
13,199,0.349211729,0.350296426
13,200,0.347796936,0.348575989
15,3,0.480539879,0.482875466
15,4,0.469764834,0.470220538
15,5,0.465356656,0.467014672
15,6,0.463563731,0.464465639
15,7,0.454710441,0.456199621
15,8,0.452750948,0.453362633
15,9,0.449715223,0.453437632
15,10,0.447901397,0.448947472
15,11,0.450324032,0.451929876
15,12,0.447357835,0.447707585
15,13,0.439958695,0.440428248
15,14,0.44446524,0.445753493
15,15,0.434870178,0.435034591
15,16,0.430972073,0.43241188
15,17,0.425103782,0.426980373
15,18,0.41971564,0.41976047
15,19,0.417719816,0.418274894
15,20,0.414265686,0.414354199
15,21,0.417649653,0.420082641
15,22,0.414137615,0.414580382
15,23,0.411968881,0.412559371
15,24,0.409074469,0.410245385
15,25,0.406128091,0.408555376
15,26,0.410142994,0.414319332
15,27,0.405691502,0.408697036
15,28,0.407336573,0.409679155
15,29,0.401554795,0.403100546
15,30,0.398255474,0.398535151
15,31,0.397381924,0.401119548
15,32,0.399935522,0.400936798
15,33,0.3984309,0.399967315
15,34,0.393645075,0.39371035
15,35,0.391030144,0.392093115
15,36,0.389783119,0.391632751
15,37,0.390220927,0.393759115
15,38,0.388869888,0.390814043
15,39,0.386641676,0.387765669
15,40,0.388748651,0.388787468
15,41,0.385852908,0.385885869
15,42,0.383787667,0.384379853
15,43,0.383678715,0.383734985
15,44,0.383252375,0.385027589
15,45,0.383111687,0.384672971
15,46,0.385033039,0.38632966
15,47,0.381936543,0.382961295
15,48,0.383973196,0.383991306
15,49,0.383482297,0.385620255
15,50,0.379887218,0.380046316
15,51,0.380187323,0.380869654
15,52,0.378113405,0.378357642
15,53,0.377829343,0.378406
15,54,0.380657618,0.380839652
15,55,0.376977066,0.37725526
15,56,0.380861731,0.383405898
15,57,0.374673705,0.377109686
15,58,0.373298028,0.374670198
15,59,0.376093487,0.377184073
15,60,0.372766661,0.374824342
15,61,0.374927246,0.375499869
15,62,0.374156821,0.374495596
15,63,0.37097487,0.371613567
15,64,0.373186551,0.374059385
15,65,0.371942755,0.372099
15,66,0.368878758,0.369100052
15,67,0.370342997,0.371368774
15,68,0.367956867,0.369416647
15,69,0.373287657,0.374839721
15,70,0.366180534,0.36853133
15,71,0.36476879,0.365493161
15,72,0.367321676,0.368990414
15,73,0.368557231,0.370324074
15,74,0.366496643,0.367370014
15,75,0.368379791,0.37113666
15,76,0.365657012,0.367358693
15,77,0.365980796,0.366663123
15,78,0.367361511,0.368416056
15,79,0.359265816,0.359373722
15,80,0.365996659,0.367403284
15,81,0.363545978,0.364702124
15,82,0.364537808,0.36477469
15,83,0.364377094,0.365293976
15,84,0.364960061,0.36566373
15,85,0.364165175,0.366067699
15,86,0.368535756,0.369762713
15,87,0.363858938,0.364060066
15,88,0.364345879,0.364609805
15,89,0.369795961,0.370790709
15,90,0.36341353,0.36455162
15,91,0.364448809,0.366238203
15,92,0.364964263,0.366619815
15,93,0.366819334,0.367777097
15,94,0.363977897,0.364146469
15,95,0.362433144,0.363410817
15,96,0.361570383,0.362183828
15,97,0.362279503,0.362415911
15,98,0.362781664,0.363524805
15,99,0.362329362,0.363296807
15,100,0.363361094,0.365348965
15,101,0.365478634,0.365888662
15,102,0.361972781,0.362104812
15,103,0.363198696,0.365194997
15,104,0.360382511,0.360842464
15,105,0.359294366,0.359458524
15,106,0.360452113,0.360791072
15,107,0.359352833,0.360526744
15,108,0.36299856,0.363046818
15,109,0.359794158,0.3614415
15,110,0.361162772,0.361587959
15,111,0.36000399,0.362933065
15,112,0.360924202,0.36167879
15,113,0.365002261,0.366135382
15,114,0.361796572,0.362264599
15,115,0.3627585,0.364847315
15,116,0.360703827,0.362239718
15,117,0.356782379,0.35810373
15,118,0.355832478,0.356463293
15,119,0.356127716,0.356807105
15,120,0.362825269,0.363030574
15,121,0.35711358,0.358158121
15,122,0.358661044,0.359334791
15,123,0.357823464,0.35796809
15,124,0.35750803,0.358348909
15,125,0.357106394,0.357740193
15,126,0.356215817,0.357104756
15,127,0.357580303,0.357881642
15,128,0.357156336,0.358590305
15,129,0.359203057,0.35990544
15,130,0.356987642,0.359114397
15,131,0.353699245,0.353975761
15,132,0.357545074,0.358979514
15,133,0.355873214,0.358510603
15,134,0.361646107,0.363663158
15,135,0.35609832,0.357024428
15,136,0.357667669,0.357717164
15,137,0.358357832,0.359165418
15,138,0.357882529,0.358121701
15,139,0.357192214,0.358101291
15,140,0.356988557,0.357181264
15,141,0.35615802,0.35622851
15,142,0.359304151,0.359688855
15,143,0.357364168,0.359256945
15,144,0.355896797,0.356526025
15,145,0.354433426,0.354647481
15,146,0.35713896,0.358864359
15,147,0.354241769,0.355295086
15,148,0.356882284,0.357302569
15,149,0.353053522,0.35313655
15,150,0.354116453,0.355554341
15,151,0.356734085,0.358370008
15,152,0.353679265,0.354065596
15,153,0.354958173,0.355558964
15,154,0.35518009,0.355821005
15,155,0.356691177,0.35670331
15,156,0.358292324,0.360001655
15,157,0.357959959,0.35959253
15,158,0.353269996,0.353272689
15,159,0.357323888,0.358120407
15,160,0.355106982,0.356471191
15,161,0.359971644,0.360041452
15,162,0.36348161,0.364155257
15,163,0.354590398,0.355007175
15,164,0.354998544,0.355732603
15,165,0.359151774,0.3602387
15,166,0.356802437,0.357015649
15,167,0.35256233,0.352831753
15,168,0.353822622,0.353975978
15,169,0.35467338,0.355721848
15,170,0.35938387,0.360573552
15,171,0.355369841,0.356584836
15,172,0.35295515,0.35383855
15,173,0.359107662,0.359341807
15,174,0.35274919,0.353652605
15,175,0.354645472,0.354745688
15,176,0.353613718,0.35687389
15,177,0.35535712,0.355561849
15,178,0.355337905,0.355418478
15,179,0.355342043,0.355518171
15,180,0.35583607,0.356147105
15,181,0.356831971,0.35721114
15,182,0.357097358,0.357153328
15,183,0.354097198,0.354192035
15,184,0.357435075,0.35775603
15,185,0.354523664,0.355231341
15,186,0.355220101,0.35617192
15,187,0.35722562,0.359218982
15,188,0.355685142,0.355874533
15,189,0.355180936,0.3558503
15,190,0.354855535,0.355551036
15,191,0.354251006,0.355757292
15,192,0.355868941,0.357879749
15,193,0.356214944,0.356779003
15,194,0.356176376,0.358078404
15,195,0.356663638,0.357358016
15,196,0.353826518,0.354699468
15,197,0.355061454,0.355988592
15,198,0.354291651,0.354813126
15,199,0.355565768,0.356355094
15,200,0.355664409,0.355685679
17,3,0.479980212,0.482359719
17,4,0.469675395,0.470233282
17,5,0.470157067,0.471096524
17,6,0.46142325,0.463168112
17,7,0.458886349,0.460700931
17,8,0.452336261,0.452742242
17,9,0.455955419,0.456615123
17,10,0.44904716,0.450521425
17,11,0.447282969,0.447937828
17,12,0.446364114,0.448748171
17,13,0.440996526,0.441436769
17,14,0.441818212,0.442215542
17,15,0.439840574,0.441563581
17,16,0.441604008,0.442256076
17,17,0.433898614,0.434016792
17,18,0.429973577,0.430191934
17,19,0.424724832,0.425089712
17,20,0.423949653,0.424318295
17,21,0.426646462,0.429338179
17,22,0.421182248,0.42208173
17,23,0.420439807,0.423753705
17,24,0.41496624,0.41579733
17,25,0.417656463,0.418516143
17,26,0.417159844,0.419349884
17,27,0.409950366,0.410776988
17,28,0.40985987,0.41059025
17,29,0.407484952,0.409278601
17,30,0.403891387,0.404836199
17,31,0.404291401,0.406315669
17,32,0.403091095,0.404713253
17,33,0.40113834,0.401801808
17,34,0.39747772,0.397949816
17,35,0.394185184,0.395367355
17,36,0.395658905,0.396310282
17,37,0.396657863,0.396905115
17,38,0.391706658,0.392490803
17,39,0.393610481,0.395516022
17,40,0.391097838,0.393638802
17,41,0.38845605,0.389247693
17,42,0.391763478,0.393948005
17,43,0.390585842,0.392469515
17,44,0.392584133,0.393430491
17,45,0.392962534,0.394825314
17,46,0.389882522,0.391468258
17,47,0.391311332,0.391558282
17,48,0.391396022,0.394756396
17,49,0.386291848,0.386640305
17,50,0.385698942,0.387036297
17,51,0.389270555,0.390880962
17,52,0.385612298,0.386189922
17,53,0.388300928,0.391639737
17,54,0.385897207,0.3874369
17,55,0.384667865,0.385100105
17,56,0.382424105,0.383721337
17,57,0.380509899,0.380710849
17,58,0.379203071,0.379558792
17,59,0.380828655,0.382910106
17,60,0.375970251,0.376165145
17,61,0.375529968,0.377628286
17,62,0.377217017,0.377311397
17,63,0.374922098,0.376316513
17,64,0.378226248,0.379644451
17,65,0.377521978,0.379918126
17,66,0.373219685,0.373427858
17,67,0.371843731,0.371892398
17,68,0.371985522,0.373032195
17,69,0.37107257,0.37130978
17,70,0.372144353,0.373462975
17,71,0.369633847,0.369859939
17,72,0.369956775,0.37140915
17,73,0.3711618,0.374381646
17,74,0.370124413,0.370678656
17,75,0.366994997,0.368081298
17,76,0.366964783,0.367694599
17,77,0.367129988,0.367685148
17,78,0.36799943,0.368483248
17,79,0.37016591,0.372030013
17,80,0.372898394,0.37318437
17,81,0.373502272,0.374823549
17,82,0.369753384,0.372858532
17,83,0.371333034,0.372241398
17,84,0.370080858,0.370720097
17,85,0.369641531,0.370244665
17,86,0.369675861,0.370277546
17,87,0.367947419,0.3687063
17,88,0.369075366,0.36948949
17,89,0.370027971,0.371537809
17,90,0.366182428,0.36843346
17,91,0.367712492,0.368659997
17,92,0.369889963,0.373180296
17,93,0.369271306,0.370408528
17,94,0.367869504,0.368722897
17,95,0.369698073,0.373148602
17,96,0.370444534,0.371127393
17,97,0.370275002,0.371104947
17,98,0.363037816,0.363793441
17,99,0.366733297,0.369865419
17,100,0.372716326,0.374672987
17,101,0.3673102,0.369661396
17,102,0.369385355,0.369479953
17,103,0.367422125,0.370149729
17,104,0.367005882,0.367121558
17,105,0.369060174,0.370048906
17,106,0.365347912,0.365376404
17,107,0.367518053,0.36804187
17,108,0.373005426,0.375367434
17,109,0.365509384,0.366001068
17,110,0.364573189,0.367547119
17,111,0.365226584,0.367144607
17,112,0.366305623,0.367370746
17,113,0.367339591,0.367760523
17,114,0.364289173,0.365974167
17,115,0.361436417,0.364104208
17,116,0.370747084,0.375837307
17,117,0.362388984,0.363089882
17,118,0.363927774,0.364440586
17,119,0.364347168,0.364485324
17,120,0.361194128,0.361790265
17,121,0.370411385,0.371048453
17,122,0.363749036,0.364361965
17,123,0.361904934,0.362430052
17,124,0.363444105,0.364697776
17,125,0.363301588,0.363755107
17,126,0.361796274,0.362303295
17,127,0.361550345,0.36429625
17,128,0.360157104,0.360298934
17,129,0.36517538,0.36534329
17,130,0.361563834,0.362289069
17,131,0.35912913,0.359390282
17,132,0.361279822,0.36206464
17,133,0.362940559,0.363431059
17,134,0.361471691,0.361556253
17,135,0.36298263,0.36306452
17,136,0.359822168,0.359989961
17,137,0.359456572,0.359659732
17,138,0.362875469,0.366398176
17,139,0.362113322,0.3623313
17,140,0.363100634,0.364141175
17,141,0.358128835,0.360416749
17,142,0.358745925,0.360009479
17,143,0.359995505,0.361000317
17,144,0.358398116,0.358950314
17,145,0.358458395,0.358484956
17,146,0.365267862,0.366090157
17,147,0.359285961,0.361917423
17,148,0.358433135,0.358806795
17,149,0.360821414,0.363634569
17,150,0.362176985,0.362857424
17,151,0.357878693,0.358139947
17,152,0.363783939,0.363942973
17,153,0.356676482,0.357540676
17,154,0.36326913,0.364916584
17,155,0.360634394,0.362267314
17,156,0.360699427,0.361167823
17,157,0.364029476,0.364435475
17,158,0.360471374,0.361176008
17,159,0.357107166,0.358943499
17,160,0.359734395,0.361669757
17,161,0.359218119,0.359910646
17,162,0.363100122,0.36480084
17,163,0.359785134,0.361260527
17,164,0.361529007,0.363537344
17,165,0.35863348,0.359519123
17,166,0.358425378,0.36137219
17,167,0.357548537,0.359474055
17,168,0.363439249,0.363694418
17,169,0.359863426,0.359979973
17,170,0.360542746,0.361146803
17,171,0.362285101,0.363701299
17,172,0.359999867,0.360307378
17,173,0.358695328,0.359108413
17,174,0.360567968,0.3608781
17,175,0.359437233,0.360748441
17,176,0.359353752,0.359637635
17,177,0.357162704,0.357958581
17,178,0.359241787,0.360404362
17,179,0.359179738,0.36069272
17,180,0.35968335,0.35989068
17,181,0.360758426,0.360914707
17,182,0.361291579,0.36261366
17,183,0.360081289,0.362230779
17,184,0.3593063,0.36035135
17,185,0.360527131,0.360606045
17,186,0.357908438,0.358227141
17,187,0.362334625,0.363506096
17,188,0.35975651,0.360073405
17,189,0.360791608,0.364099026
17,190,0.360570031,0.364187044
17,191,0.355937026,0.355943765
17,192,0.360445391,0.362216721
17,193,0.361386862,0.361875703
17,194,0.356219939,0.359160764
17,195,0.354870293,0.355308282
17,196,0.359755852,0.362637029
17,197,0.359623352,0.360854131
17,198,0.361089491,0.362030642
17,199,0.358688154,0.362208976
17,200,0.358283665,0.361417044